{
    "timestamp": "2026-07-03 02:22:36",
    "dev_mode": false,
    "ton_iot_size": 65211,
    "ton_iot_metrics": {
        "precision": 0.9606661941885187,
        "recall": 0.9651285007120092,
        "f1": 0.962892177589852,
        "fpr": 0.3745781777271821,
        "pr_auc": 0.9844769351950657
    },
    "iot_23_size": 40958,
    "iot_23_metrics": {
        "precision": 0.8569876900796525,
        "recall": 0.8146852143983938,
        "f1": 0.8353012101339529,
        "fpr": 0.7779419005403283,
        "pr_auc": 0.9194784574718209
    }
}
