{
    "dev_mode": false,
    "seed": 42,
    "dataset_size": 65100,
    "sampling_method": "toniot",
    "timestamp": "2026-07-12 17:36:52",
    "base_metrics": {
        "precision": 0.9987323050919079,
        "recall": 0.9611467882135656,
        "f1": 0.9795791491456054,
        "fpr": 0.011836265000802506,
        "pr_auc": 0.998805699649413
    },
    "zero_day_validation": {
        "left_out_class_2": {
            "precision": 0.9890710382513661,
            "recall": 0.984766050054407,
            "f1": 0.9869138495092693,
            "fpr": 0.010881392818221538,
            "pr_auc": 0.9909271947826082
        },
        "left_out_class_3": {
            "precision": 0.98914223669924,
            "recall": 0.9912948857453754,
            "f1": 0.9902173913043478,
            "fpr": 0.010881392818221538,
            "pr_auc": 0.9959212286939555
        },
        "left_out_class_4": {
            "precision": 0.9891950297136682,
            "recall": 0.9956498096791735,
            "f1": 0.9924119241192412,
            "fpr": 0.010881392818221538,
            "pr_auc": 0.9933255498539858
        },
        "left_out_class_5": {
            "precision": 0.9945160405812997,
            "recall": 0.997250481165796,
            "f1": 0.9958813838550247,
            "fpr": 0.010881392818221538,
            "pr_auc": 0.9957213858425874
        }
    },
    "robustness": {
        "timing_jitter_5ms": {
            "precision": 0.999337668593449,
            "recall": 0.6908076835029447,
            "f1": 0.8169121537647508,
            "fpr": 0.011969532100043692,
            "pr_auc": 0.0
        },
        "feature_dropout_10pct": {
            "precision": 0.9975731791353327,
            "recall": 0.6929304280868244,
            "f1": 0.8178022301910891,
            "fpr": 0.04406964091379723,
            "pr_auc": 0.0
        },
        "bank_mismatch_5pct": {
            "precision": 0.9991891404889183,
            "recall": 0.6924101475515598,
            "f1": 0.8179817821976915,
            "fpr": 0.014689880304599076,
            "pr_auc": 0.0
        }
    },
    "adversarial_robustness_fgsm_0.05": {
        "precision": 0.9837150661903761,
        "recall": 0.779421864269214,
        "f1": 0.8697328239843015,
        "fpr": 0.33732317736486767,
        "pr_auc": 0.0
    },
    "latency_ms": {
        "fast_classifier": 0.26471812510862947,
        "slow_mamba_path": 7.964511665049941,
        "gating_overhead": 0.8053864596877247
    }
}
