{
    "dev_mode": false,
    "seed": 42,
    "dataset_size": 49882,
    "sampling_method": "Full CICIoT2023 dataset",
    "timestamp": "2026-07-03 02:06:52",
    "base_metrics": {
        "precision": 0.9975021042056963,
        "recall": 0.7646948630422113,
        "f1": 0.865720176730486,
        "fpr": 0.050054406963819076,
        "pr_auc": 0.993617789281295
    },
    "zero_day_validation": {
        "left_out_class_2": {
            "precision": 0.9521331945889698,
            "recall": 0.9956474428726877,
            "f1": 0.973404255319149,
            "fpr": 0.050054406963819076,
            "pr_auc": 0.9949688850901228
        },
        "left_out_class_3": {
            "precision": 0.9521331945889698,
            "recall": 0.9956474428726877,
            "f1": 0.973404255319149,
            "fpr": 0.050054406963819076,
            "pr_auc": 0.9973021324102465
        },
        "left_out_class_4": {
            "precision": 0.9515789473684211,
            "recall": 0.9836779107725789,
            "f1": 0.9673622257891921,
            "fpr": 0.050054406963819076,
            "pr_auc": 0.990943477198205
        },
        "left_out_class_5": {
            "precision": 0.975315266970754,
            "recall": 0.9994500962331592,
            "f1": 0.9872351982618143,
            "fpr": 0.050054406963819076,
            "pr_auc": 0.9954214669844534
        },
        "left_out_class_6": {
            "precision": 0.9523316062176166,
            "recall": 1.0,
            "f1": 0.975583864118896,
            "fpr": 0.050054406963819076,
            "pr_auc": 1.0
        }
    },
    "robustness": {
        "timing_jitter_5ms": {
            "precision": 0.9976698922667836,
            "recall": 0.7575139455499126,
            "f1": 0.861162050566118,
            "fpr": 0.046245919477441534,
            "pr_auc": 0.993540382387357
        },
        "feature_dropout_10pct": {
            "precision": 0.9955609362389023,
            "recall": 0.7702314545000416,
            "f1": 0.8685192573990189,
            "fpr": 0.08977149075032768,
            "pr_auc": 0.9914640269914053
        },
        "bank_mismatch_5pct": {
            "precision": 0.9975021042056963,
            "recall": 0.7646948630422113,
            "f1": 0.865720176730486,
            "fpr": 0.050054406963819076,
            "pr_auc": 0.993617789281295
        }
    },
    "adversarial_robustness_fgsm_0.05": {
        "precision": 0.9685281848559635,
        "recall": 0.923028890183998,
        "f1": 0.9452313201393996,
        "fpr": 0.7840043525528618,
        "pr_auc": 0.9924943234096252
    },
    "latency_ms": {
        "fast_classifier": 0.2666137501364574,
        "slow_mamba_path": 7.2316654154565185,
        "gating_overhead": 0.7789093744941056
    }
}
